--
-- PostgreSQL database dump
--

\restrict ZrVYfIFHxC7BAmMfID6d9CcsxIBE31VFSpICufs38MonpQrpPCFBlc5Dzj4vDhA

-- Dumped from database version 15.18
-- Dumped by pg_dump version 15.18

SET statement_timeout = 0;
SET lock_timeout = 0;
SET idle_in_transaction_session_timeout = 0;
SET client_encoding = 'UTF8';
SET standard_conforming_strings = on;
SELECT pg_catalog.set_config('search_path', '', false);
SET check_function_bodies = false;
SET xmloption = content;
SET client_min_messages = warning;
SET row_security = off;

SET default_tablespace = '';

SET default_table_access_method = heap;

--
-- Name: auth_group; Type: TABLE; Schema: public; Owner: postgres
--

CREATE TABLE public.auth_group (
    id integer NOT NULL,
    name character varying(150) NOT NULL
);


ALTER TABLE public.auth_group OWNER TO postgres;

--
-- Name: auth_group_id_seq; Type: SEQUENCE; Schema: public; Owner: postgres
--

ALTER TABLE public.auth_group ALTER COLUMN id ADD GENERATED BY DEFAULT AS IDENTITY (
    SEQUENCE NAME public.auth_group_id_seq
    START WITH 1
    INCREMENT BY 1
    NO MINVALUE
    NO MAXVALUE
    CACHE 1
);


--
-- Name: auth_group_permissions; Type: TABLE; Schema: public; Owner: postgres
--

CREATE TABLE public.auth_group_permissions (
    id bigint NOT NULL,
    group_id integer NOT NULL,
    permission_id integer NOT NULL
);


ALTER TABLE public.auth_group_permissions OWNER TO postgres;

--
-- Name: auth_group_permissions_id_seq; Type: SEQUENCE; Schema: public; Owner: postgres
--

ALTER TABLE public.auth_group_permissions ALTER COLUMN id ADD GENERATED BY DEFAULT AS IDENTITY (
    SEQUENCE NAME public.auth_group_permissions_id_seq
    START WITH 1
    INCREMENT BY 1
    NO MINVALUE
    NO MAXVALUE
    CACHE 1
);


--
-- Name: auth_permission; Type: TABLE; Schema: public; Owner: postgres
--

CREATE TABLE public.auth_permission (
    id integer NOT NULL,
    name character varying(255) NOT NULL,
    content_type_id integer NOT NULL,
    codename character varying(100) NOT NULL
);


ALTER TABLE public.auth_permission OWNER TO postgres;

--
-- Name: auth_permission_id_seq; Type: SEQUENCE; Schema: public; Owner: postgres
--

ALTER TABLE public.auth_permission ALTER COLUMN id ADD GENERATED BY DEFAULT AS IDENTITY (
    SEQUENCE NAME public.auth_permission_id_seq
    START WITH 1
    INCREMENT BY 1
    NO MINVALUE
    NO MAXVALUE
    CACHE 1
);


--
-- Name: bug_comments; Type: TABLE; Schema: public; Owner: postgres
--

CREATE TABLE public.bug_comments (
    id bigint NOT NULL,
    comment_text text NOT NULL,
    created_at timestamp with time zone NOT NULL,
    bug_id bigint NOT NULL,
    user_id bigint
);


ALTER TABLE public.bug_comments OWNER TO postgres;

--
-- Name: bug_comments_id_seq; Type: SEQUENCE; Schema: public; Owner: postgres
--

ALTER TABLE public.bug_comments ALTER COLUMN id ADD GENERATED BY DEFAULT AS IDENTITY (
    SEQUENCE NAME public.bug_comments_id_seq
    START WITH 1
    INCREMENT BY 1
    NO MINVALUE
    NO MAXVALUE
    CACHE 1
);


--
-- Name: bug_history; Type: TABLE; Schema: public; Owner: postgres
--

CREATE TABLE public.bug_history (
    id bigint NOT NULL,
    old_status character varying(20) NOT NULL,
    new_status character varying(20) NOT NULL,
    changed_at timestamp with time zone NOT NULL,
    bug_id bigint NOT NULL,
    changed_by_id bigint,
    notes text
);


ALTER TABLE public.bug_history OWNER TO postgres;

--
-- Name: bug_history_id_seq; Type: SEQUENCE; Schema: public; Owner: postgres
--

ALTER TABLE public.bug_history ALTER COLUMN id ADD GENERATED BY DEFAULT AS IDENTITY (
    SEQUENCE NAME public.bug_history_id_seq
    START WITH 1
    INCREMENT BY 1
    NO MINVALUE
    NO MAXVALUE
    CACHE 1
);


--
-- Name: bug_list_items; Type: TABLE; Schema: public; Owner: postgres
--

CREATE TABLE public.bug_list_items (
    id bigint NOT NULL,
    bug_id bigint NOT NULL,
    bug_list_id bigint NOT NULL
);


ALTER TABLE public.bug_list_items OWNER TO postgres;

--
-- Name: bug_list_items_id_seq; Type: SEQUENCE; Schema: public; Owner: postgres
--

ALTER TABLE public.bug_list_items ALTER COLUMN id ADD GENERATED BY DEFAULT AS IDENTITY (
    SEQUENCE NAME public.bug_list_items_id_seq
    START WITH 1
    INCREMENT BY 1
    NO MINVALUE
    NO MAXVALUE
    CACHE 1
);


--
-- Name: bug_lists; Type: TABLE; Schema: public; Owner: postgres
--

CREATE TABLE public.bug_lists (
    id bigint NOT NULL,
    name character varying(255) NOT NULL,
    created_at timestamp with time zone NOT NULL,
    created_by_id bigint,
    project_id bigint NOT NULL
);


ALTER TABLE public.bug_lists OWNER TO postgres;

--
-- Name: bug_lists_id_seq; Type: SEQUENCE; Schema: public; Owner: postgres
--

ALTER TABLE public.bug_lists ALTER COLUMN id ADD GENERATED BY DEFAULT AS IDENTITY (
    SEQUENCE NAME public.bug_lists_id_seq
    START WITH 1
    INCREMENT BY 1
    NO MINVALUE
    NO MAXVALUE
    CACHE 1
);


--
-- Name: bugs; Type: TABLE; Schema: public; Owner: postgres
--

CREATE TABLE public.bugs (
    id bigint NOT NULL,
    title character varying(255) NOT NULL,
    description text NOT NULL,
    status character varying(20) NOT NULL,
    severity character varying(20) NOT NULL,
    priority character varying(20) NOT NULL,
    ai_status boolean NOT NULL,
    predicted_severity character varying(20),
    roast_commentary text,
    solution_suggestion text,
    created_at timestamp with time zone NOT NULL,
    updated_at timestamp with time zone NOT NULL,
    assigned_to_id bigint,
    created_by_id bigint,
    project_id bigint NOT NULL,
    verified_by_id bigint,
    qa_comment text,
    reviewed_at timestamp with time zone,
    reviewed_by_id bigint
);


ALTER TABLE public.bugs OWNER TO postgres;

--
-- Name: bugs_id_seq; Type: SEQUENCE; Schema: public; Owner: postgres
--

ALTER TABLE public.bugs ALTER COLUMN id ADD GENERATED BY DEFAULT AS IDENTITY (
    SEQUENCE NAME public.bugs_id_seq
    START WITH 1
    INCREMENT BY 1
    NO MINVALUE
    NO MAXVALUE
    CACHE 1
);


--
-- Name: bugs_qaresult; Type: TABLE; Schema: public; Owner: postgres
--

CREATE TABLE public.bugs_qaresult (
    id bigint NOT NULL,
    result character varying(10) NOT NULL,
    notes text,
    tested_at timestamp with time zone NOT NULL,
    bug_id bigint NOT NULL,
    qa_id bigint NOT NULL
);


ALTER TABLE public.bugs_qaresult OWNER TO postgres;

--
-- Name: bugs_qaresult_id_seq; Type: SEQUENCE; Schema: public; Owner: postgres
--

ALTER TABLE public.bugs_qaresult ALTER COLUMN id ADD GENERATED BY DEFAULT AS IDENTITY (
    SEQUENCE NAME public.bugs_qaresult_id_seq
    START WITH 1
    INCREMENT BY 1
    NO MINVALUE
    NO MAXVALUE
    CACHE 1
);


--
-- Name: django_admin_log; Type: TABLE; Schema: public; Owner: postgres
--

CREATE TABLE public.django_admin_log (
    id integer NOT NULL,
    action_time timestamp with time zone NOT NULL,
    object_id text,
    object_repr character varying(200) NOT NULL,
    action_flag smallint NOT NULL,
    change_message text NOT NULL,
    content_type_id integer,
    user_id bigint NOT NULL,
    CONSTRAINT django_admin_log_action_flag_check CHECK ((action_flag >= 0))
);


ALTER TABLE public.django_admin_log OWNER TO postgres;

--
-- Name: django_admin_log_id_seq; Type: SEQUENCE; Schema: public; Owner: postgres
--

ALTER TABLE public.django_admin_log ALTER COLUMN id ADD GENERATED BY DEFAULT AS IDENTITY (
    SEQUENCE NAME public.django_admin_log_id_seq
    START WITH 1
    INCREMENT BY 1
    NO MINVALUE
    NO MAXVALUE
    CACHE 1
);


--
-- Name: django_content_type; Type: TABLE; Schema: public; Owner: postgres
--

CREATE TABLE public.django_content_type (
    id integer NOT NULL,
    app_label character varying(100) NOT NULL,
    model character varying(100) NOT NULL
);


ALTER TABLE public.django_content_type OWNER TO postgres;

--
-- Name: django_content_type_id_seq; Type: SEQUENCE; Schema: public; Owner: postgres
--

ALTER TABLE public.django_content_type ALTER COLUMN id ADD GENERATED BY DEFAULT AS IDENTITY (
    SEQUENCE NAME public.django_content_type_id_seq
    START WITH 1
    INCREMENT BY 1
    NO MINVALUE
    NO MAXVALUE
    CACHE 1
);


--
-- Name: django_migrations; Type: TABLE; Schema: public; Owner: postgres
--

CREATE TABLE public.django_migrations (
    id bigint NOT NULL,
    app character varying(255) NOT NULL,
    name character varying(255) NOT NULL,
    applied timestamp with time zone NOT NULL
);


ALTER TABLE public.django_migrations OWNER TO postgres;

--
-- Name: django_migrations_id_seq; Type: SEQUENCE; Schema: public; Owner: postgres
--

ALTER TABLE public.django_migrations ALTER COLUMN id ADD GENERATED BY DEFAULT AS IDENTITY (
    SEQUENCE NAME public.django_migrations_id_seq
    START WITH 1
    INCREMENT BY 1
    NO MINVALUE
    NO MAXVALUE
    CACHE 1
);


--
-- Name: django_session; Type: TABLE; Schema: public; Owner: postgres
--

CREATE TABLE public.django_session (
    session_key character varying(40) NOT NULL,
    session_data text NOT NULL,
    expire_date timestamp with time zone NOT NULL
);


ALTER TABLE public.django_session OWNER TO postgres;

--
-- Name: notifications; Type: TABLE; Schema: public; Owner: postgres
--

CREATE TABLE public.notifications (
    id bigint NOT NULL,
    message text NOT NULL,
    is_read boolean NOT NULL,
    created_at timestamp with time zone NOT NULL,
    recipient_id bigint NOT NULL,
    related_bug_id bigint,
    related_project_id bigint
);


ALTER TABLE public.notifications OWNER TO postgres;

--
-- Name: notifications_id_seq; Type: SEQUENCE; Schema: public; Owner: postgres
--

ALTER TABLE public.notifications ALTER COLUMN id ADD GENERATED BY DEFAULT AS IDENTITY (
    SEQUENCE NAME public.notifications_id_seq
    START WITH 1
    INCREMENT BY 1
    NO MINVALUE
    NO MAXVALUE
    CACHE 1
);


--
-- Name: project_members; Type: TABLE; Schema: public; Owner: postgres
--

CREATE TABLE public.project_members (
    id bigint NOT NULL,
    joined_at timestamp with time zone NOT NULL,
    project_id bigint NOT NULL,
    user_id bigint NOT NULL,
    assigned_by_id bigint
);


ALTER TABLE public.project_members OWNER TO postgres;

--
-- Name: project_members_id_seq; Type: SEQUENCE; Schema: public; Owner: postgres
--

ALTER TABLE public.project_members ALTER COLUMN id ADD GENERATED BY DEFAULT AS IDENTITY (
    SEQUENCE NAME public.project_members_id_seq
    START WITH 1
    INCREMENT BY 1
    NO MINVALUE
    NO MAXVALUE
    CACHE 1
);


--
-- Name: projects; Type: TABLE; Schema: public; Owner: postgres
--

CREATE TABLE public.projects (
    id bigint NOT NULL,
    name character varying(200) NOT NULL,
    created_at timestamp with time zone NOT NULL,
    release_manager_id bigint,
    description text
);


ALTER TABLE public.projects OWNER TO postgres;

--
-- Name: projects_id_seq; Type: SEQUENCE; Schema: public; Owner: postgres
--

ALTER TABLE public.projects ALTER COLUMN id ADD GENERATED BY DEFAULT AS IDENTITY (
    SEQUENCE NAME public.projects_id_seq
    START WITH 1
    INCREMENT BY 1
    NO MINVALUE
    NO MAXVALUE
    CACHE 1
);


--
-- Name: release_bugs; Type: TABLE; Schema: public; Owner: postgres
--

CREATE TABLE public.release_bugs (
    id bigint NOT NULL,
    added_at timestamp with time zone NOT NULL,
    bug_id bigint NOT NULL,
    release_id bigint NOT NULL
);


ALTER TABLE public.release_bugs OWNER TO postgres;

--
-- Name: release_bugs_id_seq; Type: SEQUENCE; Schema: public; Owner: postgres
--

ALTER TABLE public.release_bugs ALTER COLUMN id ADD GENERATED BY DEFAULT AS IDENTITY (
    SEQUENCE NAME public.release_bugs_id_seq
    START WITH 1
    INCREMENT BY 1
    NO MINVALUE
    NO MAXVALUE
    CACHE 1
);


--
-- Name: releases; Type: TABLE; Schema: public; Owner: postgres
--

CREATE TABLE public.releases (
    id bigint NOT NULL,
    version character varying(50) NOT NULL,
    title character varying(255) NOT NULL,
    released_at timestamp with time zone NOT NULL,
    created_by_id bigint,
    project_id bigint NOT NULL
);


ALTER TABLE public.releases OWNER TO postgres;

--
-- Name: releases_id_seq; Type: SEQUENCE; Schema: public; Owner: postgres
--

ALTER TABLE public.releases ALTER COLUMN id ADD GENERATED BY DEFAULT AS IDENTITY (
    SEQUENCE NAME public.releases_id_seq
    START WITH 1
    INCREMENT BY 1
    NO MINVALUE
    NO MAXVALUE
    CACHE 1
);


--
-- Name: roles; Type: TABLE; Schema: public; Owner: postgres
--

CREATE TABLE public.roles (
    id bigint NOT NULL,
    name character varying(50) NOT NULL,
    description text
);


ALTER TABLE public.roles OWNER TO postgres;

--
-- Name: roles_id_seq; Type: SEQUENCE; Schema: public; Owner: postgres
--

ALTER TABLE public.roles ALTER COLUMN id ADD GENERATED BY DEFAULT AS IDENTITY (
    SEQUENCE NAME public.roles_id_seq
    START WITH 1
    INCREMENT BY 1
    NO MINVALUE
    NO MAXVALUE
    CACHE 1
);


--
-- Name: token_blacklist_blacklistedtoken; Type: TABLE; Schema: public; Owner: postgres
--

CREATE TABLE public.token_blacklist_blacklistedtoken (
    id bigint NOT NULL,
    blacklisted_at timestamp with time zone NOT NULL,
    token_id bigint NOT NULL
);


ALTER TABLE public.token_blacklist_blacklistedtoken OWNER TO postgres;

--
-- Name: token_blacklist_blacklistedtoken_id_seq; Type: SEQUENCE; Schema: public; Owner: postgres
--

ALTER TABLE public.token_blacklist_blacklistedtoken ALTER COLUMN id ADD GENERATED BY DEFAULT AS IDENTITY (
    SEQUENCE NAME public.token_blacklist_blacklistedtoken_id_seq
    START WITH 1
    INCREMENT BY 1
    NO MINVALUE
    NO MAXVALUE
    CACHE 1
);


--
-- Name: token_blacklist_outstandingtoken; Type: TABLE; Schema: public; Owner: postgres
--

CREATE TABLE public.token_blacklist_outstandingtoken (
    id bigint NOT NULL,
    token text NOT NULL,
    created_at timestamp with time zone,
    expires_at timestamp with time zone NOT NULL,
    user_id bigint,
    jti character varying(255) NOT NULL
);


ALTER TABLE public.token_blacklist_outstandingtoken OWNER TO postgres;

--
-- Name: token_blacklist_outstandingtoken_id_seq; Type: SEQUENCE; Schema: public; Owner: postgres
--

ALTER TABLE public.token_blacklist_outstandingtoken ALTER COLUMN id ADD GENERATED BY DEFAULT AS IDENTITY (
    SEQUENCE NAME public.token_blacklist_outstandingtoken_id_seq
    START WITH 1
    INCREMENT BY 1
    NO MINVALUE
    NO MAXVALUE
    CACHE 1
);


--
-- Name: user_sessions; Type: TABLE; Schema: public; Owner: postgres
--

CREATE TABLE public.user_sessions (
    id bigint NOT NULL,
    refresh_token_hash text NOT NULL,
    expires_at timestamp with time zone NOT NULL,
    created_at timestamp with time zone NOT NULL,
    user_id bigint NOT NULL
);


ALTER TABLE public.user_sessions OWNER TO postgres;

--
-- Name: user_sessions_id_seq; Type: SEQUENCE; Schema: public; Owner: postgres
--

ALTER TABLE public.user_sessions ALTER COLUMN id ADD GENERATED BY DEFAULT AS IDENTITY (
    SEQUENCE NAME public.user_sessions_id_seq
    START WITH 1
    INCREMENT BY 1
    NO MINVALUE
    NO MAXVALUE
    CACHE 1
);


--
-- Name: users; Type: TABLE; Schema: public; Owner: postgres
--

CREATE TABLE public.users (
    id bigint NOT NULL,
    password character varying(128) NOT NULL,
    last_login timestamp with time zone,
    is_superuser boolean NOT NULL,
    username character varying(150) NOT NULL,
    first_name character varying(150) NOT NULL,
    last_name character varying(150) NOT NULL,
    is_staff boolean NOT NULL,
    is_active boolean NOT NULL,
    date_joined timestamp with time zone NOT NULL,
    email character varying(254) NOT NULL,
    name character varying(75) NOT NULL,
    status character varying(20) NOT NULL,
    created_at timestamp with time zone NOT NULL,
    role_id bigint,
    failed_login_attempts integer NOT NULL,
    locked_until timestamp with time zone,
    CONSTRAINT users_failed_login_attempts_check CHECK ((failed_login_attempts >= 0))
);


ALTER TABLE public.users OWNER TO postgres;

--
-- Name: users_groups; Type: TABLE; Schema: public; Owner: postgres
--

CREATE TABLE public.users_groups (
    id bigint NOT NULL,
    user_id bigint NOT NULL,
    group_id integer NOT NULL
);


ALTER TABLE public.users_groups OWNER TO postgres;

--
-- Name: users_groups_id_seq; Type: SEQUENCE; Schema: public; Owner: postgres
--

ALTER TABLE public.users_groups ALTER COLUMN id ADD GENERATED BY DEFAULT AS IDENTITY (
    SEQUENCE NAME public.users_groups_id_seq
    START WITH 1
    INCREMENT BY 1
    NO MINVALUE
    NO MAXVALUE
    CACHE 1
);


--
-- Name: users_id_seq; Type: SEQUENCE; Schema: public; Owner: postgres
--

ALTER TABLE public.users ALTER COLUMN id ADD GENERATED BY DEFAULT AS IDENTITY (
    SEQUENCE NAME public.users_id_seq
    START WITH 1
    INCREMENT BY 1
    NO MINVALUE
    NO MAXVALUE
    CACHE 1
);


--
-- Name: users_user_permissions; Type: TABLE; Schema: public; Owner: postgres
--

CREATE TABLE public.users_user_permissions (
    id bigint NOT NULL,
    user_id bigint NOT NULL,
    permission_id integer NOT NULL
);


ALTER TABLE public.users_user_permissions OWNER TO postgres;

--
-- Name: users_user_permissions_id_seq; Type: SEQUENCE; Schema: public; Owner: postgres
--

ALTER TABLE public.users_user_permissions ALTER COLUMN id ADD GENERATED BY DEFAULT AS IDENTITY (
    SEQUENCE NAME public.users_user_permissions_id_seq
    START WITH 1
    INCREMENT BY 1
    NO MINVALUE
    NO MAXVALUE
    CACHE 1
);


--
-- Data for Name: auth_group; Type: TABLE DATA; Schema: public; Owner: postgres
--

COPY public.auth_group (id, name) FROM stdin;
\.


--
-- Data for Name: auth_group_permissions; Type: TABLE DATA; Schema: public; Owner: postgres
--

COPY public.auth_group_permissions (id, group_id, permission_id) FROM stdin;
\.


--
-- Data for Name: auth_permission; Type: TABLE DATA; Schema: public; Owner: postgres
--

COPY public.auth_permission (id, name, content_type_id, codename) FROM stdin;
1	Can add log entry	1	add_logentry
2	Can change log entry	1	change_logentry
3	Can delete log entry	1	delete_logentry
4	Can view log entry	1	view_logentry
5	Can add permission	3	add_permission
6	Can change permission	3	change_permission
7	Can delete permission	3	delete_permission
8	Can view permission	3	view_permission
9	Can add group	2	add_group
10	Can change group	2	change_group
11	Can delete group	2	delete_group
12	Can view group	2	view_group
13	Can add content type	4	add_contenttype
14	Can change content type	4	change_contenttype
15	Can delete content type	4	delete_contenttype
16	Can view content type	4	view_contenttype
17	Can add session	5	add_session
18	Can change session	5	change_session
19	Can delete session	5	delete_session
20	Can view session	5	view_session
21	Can add Blacklisted Token	6	add_blacklistedtoken
22	Can change Blacklisted Token	6	change_blacklistedtoken
23	Can delete Blacklisted Token	6	delete_blacklistedtoken
24	Can view Blacklisted Token	6	view_blacklistedtoken
25	Can add Outstanding Token	7	add_outstandingtoken
26	Can change Outstanding Token	7	change_outstandingtoken
27	Can delete Outstanding Token	7	delete_outstandingtoken
28	Can view Outstanding Token	7	view_outstandingtoken
29	Can add role	8	add_role
30	Can change role	8	change_role
31	Can delete role	8	delete_role
32	Can view role	8	view_role
33	Can add user	9	add_user
34	Can change user	9	change_user
35	Can delete user	9	delete_user
36	Can view user	9	view_user
37	Can add user session	10	add_usersession
38	Can change user session	10	change_usersession
39	Can delete user session	10	delete_usersession
40	Can view user session	10	view_usersession
41	Can add project	11	add_project
42	Can change project	11	change_project
43	Can delete project	11	delete_project
44	Can view project	11	view_project
45	Can add project member	12	add_projectmember
46	Can change project member	12	change_projectmember
47	Can delete project member	12	delete_projectmember
48	Can view project member	12	view_projectmember
49	Can add bug	13	add_bug
50	Can change bug	13	change_bug
51	Can delete bug	13	delete_bug
52	Can view bug	13	view_bug
53	Can add bug comment	14	add_bugcomment
54	Can change bug comment	14	change_bugcomment
55	Can delete bug comment	14	delete_bugcomment
56	Can view bug comment	14	view_bugcomment
57	Can add bug history	15	add_bughistory
58	Can change bug history	15	change_bughistory
59	Can delete bug history	15	delete_bughistory
60	Can view bug history	15	view_bughistory
61	Can add qa result	18	add_qaresult
62	Can change qa result	18	change_qaresult
63	Can delete qa result	18	delete_qaresult
64	Can view qa result	18	view_qaresult
65	Can add release	19	add_release
66	Can change release	19	change_release
67	Can delete release	19	delete_release
68	Can view release	19	view_release
69	Can add release bug	20	add_releasebug
70	Can change release bug	20	change_releasebug
71	Can delete release bug	20	delete_releasebug
72	Can view release bug	20	view_releasebug
73	Can add bug list	16	add_buglist
74	Can change bug list	16	change_buglist
75	Can delete bug list	16	delete_buglist
76	Can view bug list	16	view_buglist
77	Can add bug list item	17	add_buglistitem
78	Can change bug list item	17	change_buglistitem
79	Can delete bug list item	17	delete_buglistitem
80	Can view bug list item	17	view_buglistitem
81	Can add notification	21	add_notification
82	Can change notification	21	change_notification
83	Can delete notification	21	delete_notification
84	Can view notification	21	view_notification
\.


--
-- Data for Name: bug_comments; Type: TABLE DATA; Schema: public; Owner: postgres
--

COPY public.bug_comments (id, comment_text, created_at, bug_id, user_id) FROM stdin;
\.


--
-- Data for Name: bug_history; Type: TABLE DATA; Schema: public; Owner: postgres
--

COPY public.bug_history (id, old_status, new_status, changed_at, bug_id, changed_by_id, notes) FROM stdin;
\.


--
-- Data for Name: bug_list_items; Type: TABLE DATA; Schema: public; Owner: postgres
--

COPY public.bug_list_items (id, bug_id, bug_list_id) FROM stdin;
\.


--
-- Data for Name: bug_lists; Type: TABLE DATA; Schema: public; Owner: postgres
--

COPY public.bug_lists (id, name, created_at, created_by_id, project_id) FROM stdin;
\.


--
-- Data for Name: bugs; Type: TABLE DATA; Schema: public; Owner: postgres
--

COPY public.bugs (id, title, description, status, severity, priority, ai_status, predicted_severity, roast_commentary, solution_suggestion, created_at, updated_at, assigned_to_id, created_by_id, project_id, verified_by_id, qa_comment, reviewed_at, reviewed_by_id) FROM stdin;
\.


--
-- Data for Name: bugs_qaresult; Type: TABLE DATA; Schema: public; Owner: postgres
--

COPY public.bugs_qaresult (id, result, notes, tested_at, bug_id, qa_id) FROM stdin;
\.


--
-- Data for Name: django_admin_log; Type: TABLE DATA; Schema: public; Owner: postgres
--

COPY public.django_admin_log (id, action_time, object_id, object_repr, action_flag, change_message, content_type_id, user_id) FROM stdin;
\.


--
-- Data for Name: django_content_type; Type: TABLE DATA; Schema: public; Owner: postgres
--

COPY public.django_content_type (id, app_label, model) FROM stdin;
1	admin	logentry
2	auth	group
3	auth	permission
4	contenttypes	contenttype
5	sessions	session
6	token_blacklist	blacklistedtoken
7	token_blacklist	outstandingtoken
8	accounts	role
9	accounts	user
10	accounts	usersession
11	projects	project
12	projects	projectmember
13	bugs	bug
14	bugs	bugcomment
15	bugs	bughistory
16	bugs	buglist
17	bugs	buglistitem
18	bugs	qaresult
19	bugs	release
20	bugs	releasebug
21	notifications	notification
\.


--
-- Data for Name: django_migrations; Type: TABLE DATA; Schema: public; Owner: postgres
--

COPY public.django_migrations (id, app, name, applied) FROM stdin;
1	contenttypes	0001_initial	2026-07-13 14:57:22.484686+00
2	contenttypes	0002_remove_content_type_name	2026-07-13 14:57:22.506357+00
3	auth	0001_initial	2026-07-13 14:57:22.548326+00
4	auth	0002_alter_permission_name_max_length	2026-07-13 14:57:22.553468+00
5	auth	0003_alter_user_email_max_length	2026-07-13 14:57:22.557816+00
6	auth	0004_alter_user_username_opts	2026-07-13 14:57:22.56094+00
7	auth	0005_alter_user_last_login_null	2026-07-13 14:57:22.563867+00
8	auth	0006_require_contenttypes_0002	2026-07-13 14:57:22.564794+00
9	auth	0007_alter_validators_add_error_messages	2026-07-13 14:57:22.567993+00
10	auth	0008_alter_user_username_max_length	2026-07-13 14:57:22.570678+00
11	auth	0009_alter_user_last_name_max_length	2026-07-13 14:57:22.574365+00
12	auth	0010_alter_group_name_max_length	2026-07-13 14:57:22.579828+00
13	auth	0011_update_proxy_permissions	2026-07-13 14:57:22.582329+00
14	auth	0012_alter_user_first_name_max_length	2026-07-13 14:57:22.584769+00
15	accounts	0001_initial	2026-07-13 14:57:22.632507+00
16	accounts	0002_user_failed_login_attempts_user_locked_until	2026-07-13 14:57:22.640577+00
17	admin	0001_initial	2026-07-13 14:57:22.653494+00
18	admin	0002_logentry_remove_auto_add	2026-07-13 14:57:22.658105+00
19	admin	0003_logentry_add_action_flag_choices	2026-07-13 14:57:22.663234+00
20	projects	0001_initial	2026-07-13 14:57:22.689342+00
21	projects	0002_project_description_projectmember_assigned_by	2026-07-13 14:57:22.704648+00
22	bugs	0001_initial	2026-07-13 14:57:22.808994+00
23	bugs	0002_bug_qa_fields_and_statuses	2026-07-13 14:57:22.838339+00
24	bugs	0003_buglist_buglistitem_qaresult_reassign	2026-07-13 14:57:22.872716+00
25	bugs	0004_alter_qaresult_result	2026-07-13 14:57:22.878796+00
26	bugs	0005_bughistory_notes	2026-07-13 14:57:22.890611+00
27	notifications	0001_initial	2026-07-13 14:57:22.911303+00
28	sessions	0001_initial	2026-07-13 14:57:22.919649+00
29	token_blacklist	0001_initial	2026-07-13 14:57:22.945715+00
30	token_blacklist	0002_outstandingtoken_jti_hex	2026-07-13 14:57:22.953774+00
31	token_blacklist	0003_auto_20171017_2007	2026-07-13 14:57:22.961897+00
32	token_blacklist	0004_auto_20171017_2013	2026-07-13 14:57:22.972375+00
33	token_blacklist	0005_remove_outstandingtoken_jti	2026-07-13 14:57:22.982848+00
34	token_blacklist	0006_auto_20171017_2113	2026-07-13 14:57:23.005703+00
35	token_blacklist	0007_auto_20171017_2214	2026-07-13 14:57:23.037922+00
36	token_blacklist	0008_migrate_to_bigautofield	2026-07-13 14:57:23.064924+00
37	token_blacklist	0010_fix_migrate_to_bigautofield	2026-07-13 14:57:23.076033+00
38	token_blacklist	0011_linearizes_history	2026-07-13 14:57:23.076967+00
39	token_blacklist	0012_alter_outstandingtoken_user	2026-07-13 14:57:23.085784+00
40	token_blacklist	0013_alter_blacklistedtoken_options_and_more	2026-07-13 14:57:23.094744+00
\.


--
-- Data for Name: django_session; Type: TABLE DATA; Schema: public; Owner: postgres
--

COPY public.django_session (session_key, session_data, expire_date) FROM stdin;
2al19txty84cei3khmzahw9b8smjackz	.eJxVjLsOAiEURP-F2hBg5WVp7zeQC9wrqwaSZbcy_rtssoUW08w5M28WYFtL2DouYc7swiQ7_XYR0hPrDvID6r3x1Oq6zJHvCj9o57eW8XU93L-DAr2MNWV_BodWWymNwQigxYibHIGQmshPmWR2gizh0FQ0QgFOXgitSCX2-QL0vzgw:1wjI6w:_sZCN5vxkUD_Ey_Jiyoxf-EKEnPax_OoTojwQ8SvPMk	2026-07-27 14:58:22.749276+00
\.


--
-- Data for Name: notifications; Type: TABLE DATA; Schema: public; Owner: postgres
--

COPY public.notifications (id, message, is_read, created_at, recipient_id, related_bug_id, related_project_id) FROM stdin;
\.


--
-- Data for Name: project_members; Type: TABLE DATA; Schema: public; Owner: postgres
--

COPY public.project_members (id, joined_at, project_id, user_id, assigned_by_id) FROM stdin;
\.


--
-- Data for Name: projects; Type: TABLE DATA; Schema: public; Owner: postgres
--

COPY public.projects (id, name, created_at, release_manager_id, description) FROM stdin;
\.


--
-- Data for Name: release_bugs; Type: TABLE DATA; Schema: public; Owner: postgres
--

COPY public.release_bugs (id, added_at, bug_id, release_id) FROM stdin;
\.


--
-- Data for Name: releases; Type: TABLE DATA; Schema: public; Owner: postgres
--

COPY public.releases (id, version, title, released_at, created_by_id, project_id) FROM stdin;
\.


--
-- Data for Name: roles; Type: TABLE DATA; Schema: public; Owner: postgres
--

COPY public.roles (id, name, description) FROM stdin;
1	Developer	Submit bug and check status
2	QA	check developer code and review
3	Release Manager	who track all the project reports and finalize the product.
4	admin	controls everythings
\.


--
-- Data for Name: token_blacklist_blacklistedtoken; Type: TABLE DATA; Schema: public; Owner: postgres
--

COPY public.token_blacklist_blacklistedtoken (id, blacklisted_at, token_id) FROM stdin;
\.


--
-- Data for Name: token_blacklist_outstandingtoken; Type: TABLE DATA; Schema: public; Owner: postgres
--

COPY public.token_blacklist_outstandingtoken (id, token, created_at, expires_at, user_id, jti) FROM stdin;
\.


--
-- Data for Name: user_sessions; Type: TABLE DATA; Schema: public; Owner: postgres
--

COPY public.user_sessions (id, refresh_token_hash, expires_at, created_at, user_id) FROM stdin;
\.


--
-- Data for Name: users; Type: TABLE DATA; Schema: public; Owner: postgres
--

COPY public.users (id, password, last_login, is_superuser, username, first_name, last_name, is_staff, is_active, date_joined, email, name, status, created_at, role_id, failed_login_attempts, locked_until) FROM stdin;
1	pbkdf2_sha256$1200000$tmrgr5QCByTl6rzY9l7PL2$jD3Yz8LVABMLUBry1uh/6OK8xvhzHmlKeFBftYnEYlw=	2026-07-13 14:58:22.740489+00	t	admin			t	t	2026-07-13 14:57:52.703469+00	admin@gmail.com	Admin	active	2026-07-13 14:57:52.971101+00	\N	0	\N
\.


--
-- Data for Name: users_groups; Type: TABLE DATA; Schema: public; Owner: postgres
--

COPY public.users_groups (id, user_id, group_id) FROM stdin;
\.


--
-- Data for Name: users_user_permissions; Type: TABLE DATA; Schema: public; Owner: postgres
--

COPY public.users_user_permissions (id, user_id, permission_id) FROM stdin;
\.


--
-- Name: auth_group_id_seq; Type: SEQUENCE SET; Schema: public; Owner: postgres
--

SELECT pg_catalog.setval('public.auth_group_id_seq', 1, false);


--
-- Name: auth_group_permissions_id_seq; Type: SEQUENCE SET; Schema: public; Owner: postgres
--

SELECT pg_catalog.setval('public.auth_group_permissions_id_seq', 1, false);


--
-- Name: auth_permission_id_seq; Type: SEQUENCE SET; Schema: public; Owner: postgres
--

SELECT pg_catalog.setval('public.auth_permission_id_seq', 84, true);


--
-- Name: bug_comments_id_seq; Type: SEQUENCE SET; Schema: public; Owner: postgres
--

SELECT pg_catalog.setval('public.bug_comments_id_seq', 1, false);


--
-- Name: bug_history_id_seq; Type: SEQUENCE SET; Schema: public; Owner: postgres
--

SELECT pg_catalog.setval('public.bug_history_id_seq', 1, false);


--
-- Name: bug_list_items_id_seq; Type: SEQUENCE SET; Schema: public; Owner: postgres
--

SELECT pg_catalog.setval('public.bug_list_items_id_seq', 1, false);


--
-- Name: bug_lists_id_seq; Type: SEQUENCE SET; Schema: public; Owner: postgres
--

SELECT pg_catalog.setval('public.bug_lists_id_seq', 1, false);


--
-- Name: bugs_id_seq; Type: SEQUENCE SET; Schema: public; Owner: postgres
--

SELECT pg_catalog.setval('public.bugs_id_seq', 1, false);


--
-- Name: bugs_qaresult_id_seq; Type: SEQUENCE SET; Schema: public; Owner: postgres
--

SELECT pg_catalog.setval('public.bugs_qaresult_id_seq', 1, false);


--
-- Name: django_admin_log_id_seq; Type: SEQUENCE SET; Schema: public; Owner: postgres
--

SELECT pg_catalog.setval('public.django_admin_log_id_seq', 1, false);


--
-- Name: django_content_type_id_seq; Type: SEQUENCE SET; Schema: public; Owner: postgres
--

SELECT pg_catalog.setval('public.django_content_type_id_seq', 21, true);


--
-- Name: django_migrations_id_seq; Type: SEQUENCE SET; Schema: public; Owner: postgres
--

SELECT pg_catalog.setval('public.django_migrations_id_seq', 40, true);


--
-- Name: notifications_id_seq; Type: SEQUENCE SET; Schema: public; Owner: postgres
--

SELECT pg_catalog.setval('public.notifications_id_seq', 1, false);


--
-- Name: project_members_id_seq; Type: SEQUENCE SET; Schema: public; Owner: postgres
--

SELECT pg_catalog.setval('public.project_members_id_seq', 1, false);


--
-- Name: projects_id_seq; Type: SEQUENCE SET; Schema: public; Owner: postgres
--

SELECT pg_catalog.setval('public.projects_id_seq', 1, false);


--
-- Name: release_bugs_id_seq; Type: SEQUENCE SET; Schema: public; Owner: postgres
--

SELECT pg_catalog.setval('public.release_bugs_id_seq', 1, false);


--
-- Name: releases_id_seq; Type: SEQUENCE SET; Schema: public; Owner: postgres
--

SELECT pg_catalog.setval('public.releases_id_seq', 1, false);


--
-- Name: roles_id_seq; Type: SEQUENCE SET; Schema: public; Owner: postgres
--

SELECT pg_catalog.setval('public.roles_id_seq', 4, true);


--
-- Name: token_blacklist_blacklistedtoken_id_seq; Type: SEQUENCE SET; Schema: public; Owner: postgres
--

SELECT pg_catalog.setval('public.token_blacklist_blacklistedtoken_id_seq', 1, false);


--
-- Name: token_blacklist_outstandingtoken_id_seq; Type: SEQUENCE SET; Schema: public; Owner: postgres
--

SELECT pg_catalog.setval('public.token_blacklist_outstandingtoken_id_seq', 1, false);


--
-- Name: user_sessions_id_seq; Type: SEQUENCE SET; Schema: public; Owner: postgres
--

SELECT pg_catalog.setval('public.user_sessions_id_seq', 1, false);


--
-- Name: users_groups_id_seq; Type: SEQUENCE SET; Schema: public; Owner: postgres
--

SELECT pg_catalog.setval('public.users_groups_id_seq', 1, false);


--
-- Name: users_id_seq; Type: SEQUENCE SET; Schema: public; Owner: postgres
--

SELECT pg_catalog.setval('public.users_id_seq', 1, true);


--
-- Name: users_user_permissions_id_seq; Type: SEQUENCE SET; Schema: public; Owner: postgres
--

SELECT pg_catalog.setval('public.users_user_permissions_id_seq', 1, false);


--
-- Name: auth_group auth_group_name_key; Type: CONSTRAINT; Schema: public; Owner: postgres
--

ALTER TABLE ONLY public.auth_group
    ADD CONSTRAINT auth_group_name_key UNIQUE (name);


--
-- Name: auth_group_permissions auth_group_permissions_group_id_permission_id_0cd325b0_uniq; Type: CONSTRAINT; Schema: public; Owner: postgres
--

ALTER TABLE ONLY public.auth_group_permissions
    ADD CONSTRAINT auth_group_permissions_group_id_permission_id_0cd325b0_uniq UNIQUE (group_id, permission_id);


--
-- Name: auth_group_permissions auth_group_permissions_pkey; Type: CONSTRAINT; Schema: public; Owner: postgres
--

ALTER TABLE ONLY public.auth_group_permissions
    ADD CONSTRAINT auth_group_permissions_pkey PRIMARY KEY (id);


--
-- Name: auth_group auth_group_pkey; Type: CONSTRAINT; Schema: public; Owner: postgres
--

ALTER TABLE ONLY public.auth_group
    ADD CONSTRAINT auth_group_pkey PRIMARY KEY (id);


--
-- Name: auth_permission auth_permission_content_type_id_codename_01ab375a_uniq; Type: CONSTRAINT; Schema: public; Owner: postgres
--

ALTER TABLE ONLY public.auth_permission
    ADD CONSTRAINT auth_permission_content_type_id_codename_01ab375a_uniq UNIQUE (content_type_id, codename);


--
-- Name: auth_permission auth_permission_pkey; Type: CONSTRAINT; Schema: public; Owner: postgres
--

ALTER TABLE ONLY public.auth_permission
    ADD CONSTRAINT auth_permission_pkey PRIMARY KEY (id);


--
-- Name: bug_comments bug_comments_pkey; Type: CONSTRAINT; Schema: public; Owner: postgres
--

ALTER TABLE ONLY public.bug_comments
    ADD CONSTRAINT bug_comments_pkey PRIMARY KEY (id);


--
-- Name: bug_history bug_history_pkey; Type: CONSTRAINT; Schema: public; Owner: postgres
--

ALTER TABLE ONLY public.bug_history
    ADD CONSTRAINT bug_history_pkey PRIMARY KEY (id);


--
-- Name: bug_list_items bug_list_items_bug_list_id_bug_id_b1ebc2b6_uniq; Type: CONSTRAINT; Schema: public; Owner: postgres
--

ALTER TABLE ONLY public.bug_list_items
    ADD CONSTRAINT bug_list_items_bug_list_id_bug_id_b1ebc2b6_uniq UNIQUE (bug_list_id, bug_id);


--
-- Name: bug_list_items bug_list_items_pkey; Type: CONSTRAINT; Schema: public; Owner: postgres
--

ALTER TABLE ONLY public.bug_list_items
    ADD CONSTRAINT bug_list_items_pkey PRIMARY KEY (id);


--
-- Name: bug_lists bug_lists_pkey; Type: CONSTRAINT; Schema: public; Owner: postgres
--

ALTER TABLE ONLY public.bug_lists
    ADD CONSTRAINT bug_lists_pkey PRIMARY KEY (id);


--
-- Name: bugs bugs_pkey; Type: CONSTRAINT; Schema: public; Owner: postgres
--

ALTER TABLE ONLY public.bugs
    ADD CONSTRAINT bugs_pkey PRIMARY KEY (id);


--
-- Name: bugs_qaresult bugs_qaresult_pkey; Type: CONSTRAINT; Schema: public; Owner: postgres
--

ALTER TABLE ONLY public.bugs_qaresult
    ADD CONSTRAINT bugs_qaresult_pkey PRIMARY KEY (id);


--
-- Name: django_admin_log django_admin_log_pkey; Type: CONSTRAINT; Schema: public; Owner: postgres
--

ALTER TABLE ONLY public.django_admin_log
    ADD CONSTRAINT django_admin_log_pkey PRIMARY KEY (id);


--
-- Name: django_content_type django_content_type_app_label_model_76bd3d3b_uniq; Type: CONSTRAINT; Schema: public; Owner: postgres
--

ALTER TABLE ONLY public.django_content_type
    ADD CONSTRAINT django_content_type_app_label_model_76bd3d3b_uniq UNIQUE (app_label, model);


--
-- Name: django_content_type django_content_type_pkey; Type: CONSTRAINT; Schema: public; Owner: postgres
--

ALTER TABLE ONLY public.django_content_type
    ADD CONSTRAINT django_content_type_pkey PRIMARY KEY (id);


--
-- Name: django_migrations django_migrations_pkey; Type: CONSTRAINT; Schema: public; Owner: postgres
--

ALTER TABLE ONLY public.django_migrations
    ADD CONSTRAINT django_migrations_pkey PRIMARY KEY (id);


--
-- Name: django_session django_session_pkey; Type: CONSTRAINT; Schema: public; Owner: postgres
--

ALTER TABLE ONLY public.django_session
    ADD CONSTRAINT django_session_pkey PRIMARY KEY (session_key);


--
-- Name: notifications notifications_pkey; Type: CONSTRAINT; Schema: public; Owner: postgres
--

ALTER TABLE ONLY public.notifications
    ADD CONSTRAINT notifications_pkey PRIMARY KEY (id);


--
-- Name: project_members project_members_pkey; Type: CONSTRAINT; Schema: public; Owner: postgres
--

ALTER TABLE ONLY public.project_members
    ADD CONSTRAINT project_members_pkey PRIMARY KEY (id);


--
-- Name: project_members project_members_project_id_user_id_ab18bfcc_uniq; Type: CONSTRAINT; Schema: public; Owner: postgres
--

ALTER TABLE ONLY public.project_members
    ADD CONSTRAINT project_members_project_id_user_id_ab18bfcc_uniq UNIQUE (project_id, user_id);


--
-- Name: projects projects_pkey; Type: CONSTRAINT; Schema: public; Owner: postgres
--

ALTER TABLE ONLY public.projects
    ADD CONSTRAINT projects_pkey PRIMARY KEY (id);


--
-- Name: release_bugs release_bugs_pkey; Type: CONSTRAINT; Schema: public; Owner: postgres
--

ALTER TABLE ONLY public.release_bugs
    ADD CONSTRAINT release_bugs_pkey PRIMARY KEY (id);


--
-- Name: release_bugs release_bugs_release_id_bug_id_980d4f09_uniq; Type: CONSTRAINT; Schema: public; Owner: postgres
--

ALTER TABLE ONLY public.release_bugs
    ADD CONSTRAINT release_bugs_release_id_bug_id_980d4f09_uniq UNIQUE (release_id, bug_id);


--
-- Name: releases releases_pkey; Type: CONSTRAINT; Schema: public; Owner: postgres
--

ALTER TABLE ONLY public.releases
    ADD CONSTRAINT releases_pkey PRIMARY KEY (id);


--
-- Name: roles roles_name_key; Type: CONSTRAINT; Schema: public; Owner: postgres
--

ALTER TABLE ONLY public.roles
    ADD CONSTRAINT roles_name_key UNIQUE (name);


--
-- Name: roles roles_pkey; Type: CONSTRAINT; Schema: public; Owner: postgres
--

ALTER TABLE ONLY public.roles
    ADD CONSTRAINT roles_pkey PRIMARY KEY (id);


--
-- Name: token_blacklist_blacklistedtoken token_blacklist_blacklistedtoken_pkey; Type: CONSTRAINT; Schema: public; Owner: postgres
--

ALTER TABLE ONLY public.token_blacklist_blacklistedtoken
    ADD CONSTRAINT token_blacklist_blacklistedtoken_pkey PRIMARY KEY (id);


--
-- Name: token_blacklist_blacklistedtoken token_blacklist_blacklistedtoken_token_id_key; Type: CONSTRAINT; Schema: public; Owner: postgres
--

ALTER TABLE ONLY public.token_blacklist_blacklistedtoken
    ADD CONSTRAINT token_blacklist_blacklistedtoken_token_id_key UNIQUE (token_id);


--
-- Name: token_blacklist_outstandingtoken token_blacklist_outstandingtoken_jti_hex_d9bdf6f7_uniq; Type: CONSTRAINT; Schema: public; Owner: postgres
--

ALTER TABLE ONLY public.token_blacklist_outstandingtoken
    ADD CONSTRAINT token_blacklist_outstandingtoken_jti_hex_d9bdf6f7_uniq UNIQUE (jti);


--
-- Name: token_blacklist_outstandingtoken token_blacklist_outstandingtoken_pkey; Type: CONSTRAINT; Schema: public; Owner: postgres
--

ALTER TABLE ONLY public.token_blacklist_outstandingtoken
    ADD CONSTRAINT token_blacklist_outstandingtoken_pkey PRIMARY KEY (id);


--
-- Name: user_sessions user_sessions_pkey; Type: CONSTRAINT; Schema: public; Owner: postgres
--

ALTER TABLE ONLY public.user_sessions
    ADD CONSTRAINT user_sessions_pkey PRIMARY KEY (id);


--
-- Name: users users_email_key; Type: CONSTRAINT; Schema: public; Owner: postgres
--

ALTER TABLE ONLY public.users
    ADD CONSTRAINT users_email_key UNIQUE (email);


--
-- Name: users_groups users_groups_pkey; Type: CONSTRAINT; Schema: public; Owner: postgres
--

ALTER TABLE ONLY public.users_groups
    ADD CONSTRAINT users_groups_pkey PRIMARY KEY (id);


--
-- Name: users_groups users_groups_user_id_group_id_fc7788e8_uniq; Type: CONSTRAINT; Schema: public; Owner: postgres
--

ALTER TABLE ONLY public.users_groups
    ADD CONSTRAINT users_groups_user_id_group_id_fc7788e8_uniq UNIQUE (user_id, group_id);


--
-- Name: users users_pkey; Type: CONSTRAINT; Schema: public; Owner: postgres
--

ALTER TABLE ONLY public.users
    ADD CONSTRAINT users_pkey PRIMARY KEY (id);


--
-- Name: users_user_permissions users_user_permissions_pkey; Type: CONSTRAINT; Schema: public; Owner: postgres
--

ALTER TABLE ONLY public.users_user_permissions
    ADD CONSTRAINT users_user_permissions_pkey PRIMARY KEY (id);


--
-- Name: users_user_permissions users_user_permissions_user_id_permission_id_3b86cbdf_uniq; Type: CONSTRAINT; Schema: public; Owner: postgres
--

ALTER TABLE ONLY public.users_user_permissions
    ADD CONSTRAINT users_user_permissions_user_id_permission_id_3b86cbdf_uniq UNIQUE (user_id, permission_id);


--
-- Name: users users_username_key; Type: CONSTRAINT; Schema: public; Owner: postgres
--

ALTER TABLE ONLY public.users
    ADD CONSTRAINT users_username_key UNIQUE (username);


--
-- Name: auth_group_name_a6ea08ec_like; Type: INDEX; Schema: public; Owner: postgres
--

CREATE INDEX auth_group_name_a6ea08ec_like ON public.auth_group USING btree (name varchar_pattern_ops);


--
-- Name: auth_group_permissions_group_id_b120cbf9; Type: INDEX; Schema: public; Owner: postgres
--

CREATE INDEX auth_group_permissions_group_id_b120cbf9 ON public.auth_group_permissions USING btree (group_id);


--
-- Name: auth_group_permissions_permission_id_84c5c92e; Type: INDEX; Schema: public; Owner: postgres
--

CREATE INDEX auth_group_permissions_permission_id_84c5c92e ON public.auth_group_permissions USING btree (permission_id);


--
-- Name: auth_permission_content_type_id_2f476e4b; Type: INDEX; Schema: public; Owner: postgres
--

CREATE INDEX auth_permission_content_type_id_2f476e4b ON public.auth_permission USING btree (content_type_id);


--
-- Name: bug_comments_bug_id_7b5f5976; Type: INDEX; Schema: public; Owner: postgres
--

CREATE INDEX bug_comments_bug_id_7b5f5976 ON public.bug_comments USING btree (bug_id);


--
-- Name: bug_comments_user_id_873856ea; Type: INDEX; Schema: public; Owner: postgres
--

CREATE INDEX bug_comments_user_id_873856ea ON public.bug_comments USING btree (user_id);


--
-- Name: bug_history_bug_id_bd998029; Type: INDEX; Schema: public; Owner: postgres
--

CREATE INDEX bug_history_bug_id_bd998029 ON public.bug_history USING btree (bug_id);


--
-- Name: bug_history_changed_by_id_c0c336a8; Type: INDEX; Schema: public; Owner: postgres
--

CREATE INDEX bug_history_changed_by_id_c0c336a8 ON public.bug_history USING btree (changed_by_id);


--
-- Name: bug_list_items_bug_id_5d612544; Type: INDEX; Schema: public; Owner: postgres
--

CREATE INDEX bug_list_items_bug_id_5d612544 ON public.bug_list_items USING btree (bug_id);


--
-- Name: bug_list_items_bug_list_id_f597b6fd; Type: INDEX; Schema: public; Owner: postgres
--

CREATE INDEX bug_list_items_bug_list_id_f597b6fd ON public.bug_list_items USING btree (bug_list_id);


--
-- Name: bug_lists_created_by_id_0ff74deb; Type: INDEX; Schema: public; Owner: postgres
--

CREATE INDEX bug_lists_created_by_id_0ff74deb ON public.bug_lists USING btree (created_by_id);


--
-- Name: bug_lists_project_id_fab75fd0; Type: INDEX; Schema: public; Owner: postgres
--

CREATE INDEX bug_lists_project_id_fab75fd0 ON public.bug_lists USING btree (project_id);


--
-- Name: bugs_assigned_to_id_5bdd1132; Type: INDEX; Schema: public; Owner: postgres
--

CREATE INDEX bugs_assigned_to_id_5bdd1132 ON public.bugs USING btree (assigned_to_id);


--
-- Name: bugs_created_by_id_58f97cef; Type: INDEX; Schema: public; Owner: postgres
--

CREATE INDEX bugs_created_by_id_58f97cef ON public.bugs USING btree (created_by_id);


--
-- Name: bugs_project_id_a7a94ba7; Type: INDEX; Schema: public; Owner: postgres
--

CREATE INDEX bugs_project_id_a7a94ba7 ON public.bugs USING btree (project_id);


--
-- Name: bugs_qaresult_bug_id_8852a21d; Type: INDEX; Schema: public; Owner: postgres
--

CREATE INDEX bugs_qaresult_bug_id_8852a21d ON public.bugs_qaresult USING btree (bug_id);


--
-- Name: bugs_qaresult_qa_id_9764dd6c; Type: INDEX; Schema: public; Owner: postgres
--

CREATE INDEX bugs_qaresult_qa_id_9764dd6c ON public.bugs_qaresult USING btree (qa_id);


--
-- Name: bugs_reviewed_by_id_d3e5297c; Type: INDEX; Schema: public; Owner: postgres
--

CREATE INDEX bugs_reviewed_by_id_d3e5297c ON public.bugs USING btree (reviewed_by_id);


--
-- Name: bugs_verified_by_id_751a7190; Type: INDEX; Schema: public; Owner: postgres
--

CREATE INDEX bugs_verified_by_id_751a7190 ON public.bugs USING btree (verified_by_id);


--
-- Name: django_admin_log_content_type_id_c4bce8eb; Type: INDEX; Schema: public; Owner: postgres
--

CREATE INDEX django_admin_log_content_type_id_c4bce8eb ON public.django_admin_log USING btree (content_type_id);


--
-- Name: django_admin_log_user_id_c564eba6; Type: INDEX; Schema: public; Owner: postgres
--

CREATE INDEX django_admin_log_user_id_c564eba6 ON public.django_admin_log USING btree (user_id);


--
-- Name: django_session_expire_date_a5c62663; Type: INDEX; Schema: public; Owner: postgres
--

CREATE INDEX django_session_expire_date_a5c62663 ON public.django_session USING btree (expire_date);


--
-- Name: django_session_session_key_c0390e0f_like; Type: INDEX; Schema: public; Owner: postgres
--

CREATE INDEX django_session_session_key_c0390e0f_like ON public.django_session USING btree (session_key varchar_pattern_ops);


--
-- Name: notifications_recipient_id_e1133bac; Type: INDEX; Schema: public; Owner: postgres
--

CREATE INDEX notifications_recipient_id_e1133bac ON public.notifications USING btree (recipient_id);


--
-- Name: notifications_related_bug_id_77e65188; Type: INDEX; Schema: public; Owner: postgres
--

CREATE INDEX notifications_related_bug_id_77e65188 ON public.notifications USING btree (related_bug_id);


--
-- Name: notifications_related_project_id_937ebb75; Type: INDEX; Schema: public; Owner: postgres
--

CREATE INDEX notifications_related_project_id_937ebb75 ON public.notifications USING btree (related_project_id);


--
-- Name: project_members_assigned_by_id_1c385cd6; Type: INDEX; Schema: public; Owner: postgres
--

CREATE INDEX project_members_assigned_by_id_1c385cd6 ON public.project_members USING btree (assigned_by_id);


--
-- Name: project_members_project_id_bf2e42ec; Type: INDEX; Schema: public; Owner: postgres
--

CREATE INDEX project_members_project_id_bf2e42ec ON public.project_members USING btree (project_id);


--
-- Name: project_members_user_id_2e9d44b1; Type: INDEX; Schema: public; Owner: postgres
--

CREATE INDEX project_members_user_id_2e9d44b1 ON public.project_members USING btree (user_id);


--
-- Name: projects_release_manager_id_b4ef94ae; Type: INDEX; Schema: public; Owner: postgres
--

CREATE INDEX projects_release_manager_id_b4ef94ae ON public.projects USING btree (release_manager_id);


--
-- Name: release_bugs_bug_id_7a6ce6da; Type: INDEX; Schema: public; Owner: postgres
--

CREATE INDEX release_bugs_bug_id_7a6ce6da ON public.release_bugs USING btree (bug_id);


--
-- Name: release_bugs_release_id_f8084062; Type: INDEX; Schema: public; Owner: postgres
--

CREATE INDEX release_bugs_release_id_f8084062 ON public.release_bugs USING btree (release_id);


--
-- Name: releases_created_by_id_cb6fca62; Type: INDEX; Schema: public; Owner: postgres
--

CREATE INDEX releases_created_by_id_cb6fca62 ON public.releases USING btree (created_by_id);


--
-- Name: releases_project_id_1ccec0a7; Type: INDEX; Schema: public; Owner: postgres
--

CREATE INDEX releases_project_id_1ccec0a7 ON public.releases USING btree (project_id);


--
-- Name: roles_name_51259447_like; Type: INDEX; Schema: public; Owner: postgres
--

CREATE INDEX roles_name_51259447_like ON public.roles USING btree (name varchar_pattern_ops);


--
-- Name: token_blacklist_outstandingtoken_jti_hex_d9bdf6f7_like; Type: INDEX; Schema: public; Owner: postgres
--

CREATE INDEX token_blacklist_outstandingtoken_jti_hex_d9bdf6f7_like ON public.token_blacklist_outstandingtoken USING btree (jti varchar_pattern_ops);


--
-- Name: token_blacklist_outstandingtoken_user_id_83bc629a; Type: INDEX; Schema: public; Owner: postgres
--

CREATE INDEX token_blacklist_outstandingtoken_user_id_83bc629a ON public.token_blacklist_outstandingtoken USING btree (user_id);


--
-- Name: user_sessions_user_id_43ce9642; Type: INDEX; Schema: public; Owner: postgres
--

CREATE INDEX user_sessions_user_id_43ce9642 ON public.user_sessions USING btree (user_id);


--
-- Name: users_email_0ea73cca_like; Type: INDEX; Schema: public; Owner: postgres
--

CREATE INDEX users_email_0ea73cca_like ON public.users USING btree (email varchar_pattern_ops);


--
-- Name: users_groups_group_id_2f3517aa; Type: INDEX; Schema: public; Owner: postgres
--

CREATE INDEX users_groups_group_id_2f3517aa ON public.users_groups USING btree (group_id);


--
-- Name: users_groups_user_id_f500bee5; Type: INDEX; Schema: public; Owner: postgres
--

CREATE INDEX users_groups_user_id_f500bee5 ON public.users_groups USING btree (user_id);


--
-- Name: users_role_id_1900a745; Type: INDEX; Schema: public; Owner: postgres
--

CREATE INDEX users_role_id_1900a745 ON public.users USING btree (role_id);


--
-- Name: users_user_permissions_permission_id_6d08dcd2; Type: INDEX; Schema: public; Owner: postgres
--

CREATE INDEX users_user_permissions_permission_id_6d08dcd2 ON public.users_user_permissions USING btree (permission_id);


--
-- Name: users_user_permissions_user_id_92473840; Type: INDEX; Schema: public; Owner: postgres
--

CREATE INDEX users_user_permissions_user_id_92473840 ON public.users_user_permissions USING btree (user_id);


--
-- Name: users_username_e8658fc8_like; Type: INDEX; Schema: public; Owner: postgres
--

CREATE INDEX users_username_e8658fc8_like ON public.users USING btree (username varchar_pattern_ops);


--
-- Name: auth_group_permissions auth_group_permissio_permission_id_84c5c92e_fk_auth_perm; Type: FK CONSTRAINT; Schema: public; Owner: postgres
--

ALTER TABLE ONLY public.auth_group_permissions
    ADD CONSTRAINT auth_group_permissio_permission_id_84c5c92e_fk_auth_perm FOREIGN KEY (permission_id) REFERENCES public.auth_permission(id) DEFERRABLE INITIALLY DEFERRED;


--
-- Name: auth_group_permissions auth_group_permissions_group_id_b120cbf9_fk_auth_group_id; Type: FK CONSTRAINT; Schema: public; Owner: postgres
--

ALTER TABLE ONLY public.auth_group_permissions
    ADD CONSTRAINT auth_group_permissions_group_id_b120cbf9_fk_auth_group_id FOREIGN KEY (group_id) REFERENCES public.auth_group(id) DEFERRABLE INITIALLY DEFERRED;


--
-- Name: auth_permission auth_permission_content_type_id_2f476e4b_fk_django_co; Type: FK CONSTRAINT; Schema: public; Owner: postgres
--

ALTER TABLE ONLY public.auth_permission
    ADD CONSTRAINT auth_permission_content_type_id_2f476e4b_fk_django_co FOREIGN KEY (content_type_id) REFERENCES public.django_content_type(id) DEFERRABLE INITIALLY DEFERRED;


--
-- Name: bug_comments bug_comments_bug_id_7b5f5976_fk_bugs_id; Type: FK CONSTRAINT; Schema: public; Owner: postgres
--

ALTER TABLE ONLY public.bug_comments
    ADD CONSTRAINT bug_comments_bug_id_7b5f5976_fk_bugs_id FOREIGN KEY (bug_id) REFERENCES public.bugs(id) DEFERRABLE INITIALLY DEFERRED;


--
-- Name: bug_comments bug_comments_user_id_873856ea_fk_users_id; Type: FK CONSTRAINT; Schema: public; Owner: postgres
--

ALTER TABLE ONLY public.bug_comments
    ADD CONSTRAINT bug_comments_user_id_873856ea_fk_users_id FOREIGN KEY (user_id) REFERENCES public.users(id) DEFERRABLE INITIALLY DEFERRED;


--
-- Name: bug_history bug_history_bug_id_bd998029_fk_bugs_id; Type: FK CONSTRAINT; Schema: public; Owner: postgres
--

ALTER TABLE ONLY public.bug_history
    ADD CONSTRAINT bug_history_bug_id_bd998029_fk_bugs_id FOREIGN KEY (bug_id) REFERENCES public.bugs(id) DEFERRABLE INITIALLY DEFERRED;


--
-- Name: bug_history bug_history_changed_by_id_c0c336a8_fk_users_id; Type: FK CONSTRAINT; Schema: public; Owner: postgres
--

ALTER TABLE ONLY public.bug_history
    ADD CONSTRAINT bug_history_changed_by_id_c0c336a8_fk_users_id FOREIGN KEY (changed_by_id) REFERENCES public.users(id) DEFERRABLE INITIALLY DEFERRED;


--
-- Name: bug_list_items bug_list_items_bug_id_5d612544_fk_bugs_id; Type: FK CONSTRAINT; Schema: public; Owner: postgres
--

ALTER TABLE ONLY public.bug_list_items
    ADD CONSTRAINT bug_list_items_bug_id_5d612544_fk_bugs_id FOREIGN KEY (bug_id) REFERENCES public.bugs(id) DEFERRABLE INITIALLY DEFERRED;


--
-- Name: bug_list_items bug_list_items_bug_list_id_f597b6fd_fk_bug_lists_id; Type: FK CONSTRAINT; Schema: public; Owner: postgres
--

ALTER TABLE ONLY public.bug_list_items
    ADD CONSTRAINT bug_list_items_bug_list_id_f597b6fd_fk_bug_lists_id FOREIGN KEY (bug_list_id) REFERENCES public.bug_lists(id) DEFERRABLE INITIALLY DEFERRED;


--
-- Name: bug_lists bug_lists_created_by_id_0ff74deb_fk_users_id; Type: FK CONSTRAINT; Schema: public; Owner: postgres
--

ALTER TABLE ONLY public.bug_lists
    ADD CONSTRAINT bug_lists_created_by_id_0ff74deb_fk_users_id FOREIGN KEY (created_by_id) REFERENCES public.users(id) DEFERRABLE INITIALLY DEFERRED;


--
-- Name: bug_lists bug_lists_project_id_fab75fd0_fk_projects_id; Type: FK CONSTRAINT; Schema: public; Owner: postgres
--

ALTER TABLE ONLY public.bug_lists
    ADD CONSTRAINT bug_lists_project_id_fab75fd0_fk_projects_id FOREIGN KEY (project_id) REFERENCES public.projects(id) DEFERRABLE INITIALLY DEFERRED;


--
-- Name: bugs bugs_assigned_to_id_5bdd1132_fk_users_id; Type: FK CONSTRAINT; Schema: public; Owner: postgres
--

ALTER TABLE ONLY public.bugs
    ADD CONSTRAINT bugs_assigned_to_id_5bdd1132_fk_users_id FOREIGN KEY (assigned_to_id) REFERENCES public.users(id) DEFERRABLE INITIALLY DEFERRED;


--
-- Name: bugs bugs_created_by_id_58f97cef_fk_users_id; Type: FK CONSTRAINT; Schema: public; Owner: postgres
--

ALTER TABLE ONLY public.bugs
    ADD CONSTRAINT bugs_created_by_id_58f97cef_fk_users_id FOREIGN KEY (created_by_id) REFERENCES public.users(id) DEFERRABLE INITIALLY DEFERRED;


--
-- Name: bugs bugs_project_id_a7a94ba7_fk_projects_id; Type: FK CONSTRAINT; Schema: public; Owner: postgres
--

ALTER TABLE ONLY public.bugs
    ADD CONSTRAINT bugs_project_id_a7a94ba7_fk_projects_id FOREIGN KEY (project_id) REFERENCES public.projects(id) DEFERRABLE INITIALLY DEFERRED;


--
-- Name: bugs_qaresult bugs_qaresult_bug_id_8852a21d_fk_bugs_id; Type: FK CONSTRAINT; Schema: public; Owner: postgres
--

ALTER TABLE ONLY public.bugs_qaresult
    ADD CONSTRAINT bugs_qaresult_bug_id_8852a21d_fk_bugs_id FOREIGN KEY (bug_id) REFERENCES public.bugs(id) DEFERRABLE INITIALLY DEFERRED;


--
-- Name: bugs_qaresult bugs_qaresult_qa_id_9764dd6c_fk_users_id; Type: FK CONSTRAINT; Schema: public; Owner: postgres
--

ALTER TABLE ONLY public.bugs_qaresult
    ADD CONSTRAINT bugs_qaresult_qa_id_9764dd6c_fk_users_id FOREIGN KEY (qa_id) REFERENCES public.users(id) DEFERRABLE INITIALLY DEFERRED;


--
-- Name: bugs bugs_reviewed_by_id_d3e5297c_fk_users_id; Type: FK CONSTRAINT; Schema: public; Owner: postgres
--

ALTER TABLE ONLY public.bugs
    ADD CONSTRAINT bugs_reviewed_by_id_d3e5297c_fk_users_id FOREIGN KEY (reviewed_by_id) REFERENCES public.users(id) DEFERRABLE INITIALLY DEFERRED;


--
-- Name: bugs bugs_verified_by_id_751a7190_fk_users_id; Type: FK CONSTRAINT; Schema: public; Owner: postgres
--

ALTER TABLE ONLY public.bugs
    ADD CONSTRAINT bugs_verified_by_id_751a7190_fk_users_id FOREIGN KEY (verified_by_id) REFERENCES public.users(id) DEFERRABLE INITIALLY DEFERRED;


--
-- Name: django_admin_log django_admin_log_content_type_id_c4bce8eb_fk_django_co; Type: FK CONSTRAINT; Schema: public; Owner: postgres
--

ALTER TABLE ONLY public.django_admin_log
    ADD CONSTRAINT django_admin_log_content_type_id_c4bce8eb_fk_django_co FOREIGN KEY (content_type_id) REFERENCES public.django_content_type(id) DEFERRABLE INITIALLY DEFERRED;


--
-- Name: django_admin_log django_admin_log_user_id_c564eba6_fk_users_id; Type: FK CONSTRAINT; Schema: public; Owner: postgres
--

ALTER TABLE ONLY public.django_admin_log
    ADD CONSTRAINT django_admin_log_user_id_c564eba6_fk_users_id FOREIGN KEY (user_id) REFERENCES public.users(id) DEFERRABLE INITIALLY DEFERRED;


--
-- Name: notifications notifications_recipient_id_e1133bac_fk_users_id; Type: FK CONSTRAINT; Schema: public; Owner: postgres
--

ALTER TABLE ONLY public.notifications
    ADD CONSTRAINT notifications_recipient_id_e1133bac_fk_users_id FOREIGN KEY (recipient_id) REFERENCES public.users(id) DEFERRABLE INITIALLY DEFERRED;


--
-- Name: notifications notifications_related_bug_id_77e65188_fk_bugs_id; Type: FK CONSTRAINT; Schema: public; Owner: postgres
--

ALTER TABLE ONLY public.notifications
    ADD CONSTRAINT notifications_related_bug_id_77e65188_fk_bugs_id FOREIGN KEY (related_bug_id) REFERENCES public.bugs(id) DEFERRABLE INITIALLY DEFERRED;


--
-- Name: notifications notifications_related_project_id_937ebb75_fk_projects_id; Type: FK CONSTRAINT; Schema: public; Owner: postgres
--

ALTER TABLE ONLY public.notifications
    ADD CONSTRAINT notifications_related_project_id_937ebb75_fk_projects_id FOREIGN KEY (related_project_id) REFERENCES public.projects(id) DEFERRABLE INITIALLY DEFERRED;


--
-- Name: project_members project_members_assigned_by_id_1c385cd6_fk_users_id; Type: FK CONSTRAINT; Schema: public; Owner: postgres
--

ALTER TABLE ONLY public.project_members
    ADD CONSTRAINT project_members_assigned_by_id_1c385cd6_fk_users_id FOREIGN KEY (assigned_by_id) REFERENCES public.users(id) DEFERRABLE INITIALLY DEFERRED;


--
-- Name: project_members project_members_project_id_bf2e42ec_fk_projects_id; Type: FK CONSTRAINT; Schema: public; Owner: postgres
--

ALTER TABLE ONLY public.project_members
    ADD CONSTRAINT project_members_project_id_bf2e42ec_fk_projects_id FOREIGN KEY (project_id) REFERENCES public.projects(id) DEFERRABLE INITIALLY DEFERRED;


--
-- Name: project_members project_members_user_id_2e9d44b1_fk_users_id; Type: FK CONSTRAINT; Schema: public; Owner: postgres
--

ALTER TABLE ONLY public.project_members
    ADD CONSTRAINT project_members_user_id_2e9d44b1_fk_users_id FOREIGN KEY (user_id) REFERENCES public.users(id) DEFERRABLE INITIALLY DEFERRED;


--
-- Name: projects projects_release_manager_id_b4ef94ae_fk_users_id; Type: FK CONSTRAINT; Schema: public; Owner: postgres
--

ALTER TABLE ONLY public.projects
    ADD CONSTRAINT projects_release_manager_id_b4ef94ae_fk_users_id FOREIGN KEY (release_manager_id) REFERENCES public.users(id) DEFERRABLE INITIALLY DEFERRED;


--
-- Name: release_bugs release_bugs_bug_id_7a6ce6da_fk_bugs_id; Type: FK CONSTRAINT; Schema: public; Owner: postgres
--

ALTER TABLE ONLY public.release_bugs
    ADD CONSTRAINT release_bugs_bug_id_7a6ce6da_fk_bugs_id FOREIGN KEY (bug_id) REFERENCES public.bugs(id) DEFERRABLE INITIALLY DEFERRED;


--
-- Name: release_bugs release_bugs_release_id_f8084062_fk_releases_id; Type: FK CONSTRAINT; Schema: public; Owner: postgres
--

ALTER TABLE ONLY public.release_bugs
    ADD CONSTRAINT release_bugs_release_id_f8084062_fk_releases_id FOREIGN KEY (release_id) REFERENCES public.releases(id) DEFERRABLE INITIALLY DEFERRED;


--
-- Name: releases releases_created_by_id_cb6fca62_fk_users_id; Type: FK CONSTRAINT; Schema: public; Owner: postgres
--

ALTER TABLE ONLY public.releases
    ADD CONSTRAINT releases_created_by_id_cb6fca62_fk_users_id FOREIGN KEY (created_by_id) REFERENCES public.users(id) DEFERRABLE INITIALLY DEFERRED;


--
-- Name: releases releases_project_id_1ccec0a7_fk_projects_id; Type: FK CONSTRAINT; Schema: public; Owner: postgres
--

ALTER TABLE ONLY public.releases
    ADD CONSTRAINT releases_project_id_1ccec0a7_fk_projects_id FOREIGN KEY (project_id) REFERENCES public.projects(id) DEFERRABLE INITIALLY DEFERRED;


--
-- Name: token_blacklist_blacklistedtoken token_blacklist_blacklistedtoken_token_id_3cc7fe56_fk; Type: FK CONSTRAINT; Schema: public; Owner: postgres
--

ALTER TABLE ONLY public.token_blacklist_blacklistedtoken
    ADD CONSTRAINT token_blacklist_blacklistedtoken_token_id_3cc7fe56_fk FOREIGN KEY (token_id) REFERENCES public.token_blacklist_outstandingtoken(id) DEFERRABLE INITIALLY DEFERRED;


--
-- Name: token_blacklist_outstandingtoken token_blacklist_outstandingtoken_user_id_83bc629a_fk_users_id; Type: FK CONSTRAINT; Schema: public; Owner: postgres
--

ALTER TABLE ONLY public.token_blacklist_outstandingtoken
    ADD CONSTRAINT token_blacklist_outstandingtoken_user_id_83bc629a_fk_users_id FOREIGN KEY (user_id) REFERENCES public.users(id) DEFERRABLE INITIALLY DEFERRED;


--
-- Name: user_sessions user_sessions_user_id_43ce9642_fk_users_id; Type: FK CONSTRAINT; Schema: public; Owner: postgres
--

ALTER TABLE ONLY public.user_sessions
    ADD CONSTRAINT user_sessions_user_id_43ce9642_fk_users_id FOREIGN KEY (user_id) REFERENCES public.users(id) DEFERRABLE INITIALLY DEFERRED;


--
-- Name: users_groups users_groups_group_id_2f3517aa_fk_auth_group_id; Type: FK CONSTRAINT; Schema: public; Owner: postgres
--

ALTER TABLE ONLY public.users_groups
    ADD CONSTRAINT users_groups_group_id_2f3517aa_fk_auth_group_id FOREIGN KEY (group_id) REFERENCES public.auth_group(id) DEFERRABLE INITIALLY DEFERRED;


--
-- Name: users_groups users_groups_user_id_f500bee5_fk_users_id; Type: FK CONSTRAINT; Schema: public; Owner: postgres
--

ALTER TABLE ONLY public.users_groups
    ADD CONSTRAINT users_groups_user_id_f500bee5_fk_users_id FOREIGN KEY (user_id) REFERENCES public.users(id) DEFERRABLE INITIALLY DEFERRED;


--
-- Name: users users_role_id_1900a745_fk_roles_id; Type: FK CONSTRAINT; Schema: public; Owner: postgres
--

ALTER TABLE ONLY public.users
    ADD CONSTRAINT users_role_id_1900a745_fk_roles_id FOREIGN KEY (role_id) REFERENCES public.roles(id) DEFERRABLE INITIALLY DEFERRED;


--
-- Name: users_user_permissions users_user_permissio_permission_id_6d08dcd2_fk_auth_perm; Type: FK CONSTRAINT; Schema: public; Owner: postgres
--

ALTER TABLE ONLY public.users_user_permissions
    ADD CONSTRAINT users_user_permissio_permission_id_6d08dcd2_fk_auth_perm FOREIGN KEY (permission_id) REFERENCES public.auth_permission(id) DEFERRABLE INITIALLY DEFERRED;


--
-- Name: users_user_permissions users_user_permissions_user_id_92473840_fk_users_id; Type: FK CONSTRAINT; Schema: public; Owner: postgres
--

ALTER TABLE ONLY public.users_user_permissions
    ADD CONSTRAINT users_user_permissions_user_id_92473840_fk_users_id FOREIGN KEY (user_id) REFERENCES public.users(id) DEFERRABLE INITIALLY DEFERRED;


--
-- PostgreSQL database dump complete
--

\unrestrict ZrVYfIFHxC7BAmMfID6d9CcsxIBE31VFSpICufs38MonpQrpPCFBlc5Dzj4vDhA

